{
  "name": "Phil Cryer",
  "bio": "An open source technologist and privacy advocate",
  "profilePicture": "/profile-picture.jpg",
  "url": "https://philcryer.com",
  "blog": true,
  "iconLinks": [
    {
      "id": "1728534577184",
      "icon": "link",
      "url": "https://philcryer.com"
    },
    {
      "id": "1728534577185",
      "icon": "email",
      "url": "mailto:hey@philcryer.com"
    },
    {
      "id": "1728534577186",
      "icon": "mastodon",
      "url": "https://mastodon.social/@fak3r"
    },
    {
      "id": "1728534577187",
      "icon": "signal",
      "url": "https://signal.me/#eu/8SlcOKe2LJGmr7rMMJ9tUXTjPh3LKYyohti4aCD8TKn6V75UydpITqOogsW4a3bg"
    },
    {
      "id": "1744227888853",
      "icon": "github",
      "url": "https://github.com/philcryer"
    },
    {
      "id": "1744228025652",
      "icon": "linkedIn",
      "url": "https://linkedin.com/in/philcryer"
    }
  ],
  "customLinks": [
    {
      "id": "1728534585738",
      "title": "fak3r - my blog since 2005",
      "url": "https://fak3r.com"
    },
    {
      "id": "1744227933957",
      "title": "Lowfat - watch this space",
      "url": "https://lowf.at"
    },
    {
      "id": "1744227959734",
      "title": "Last.fm - music I'm listening to",
      "url": "https://www.last.fm/user/fak3r"
    },
    {
      "id": "1744227967158",
      "title": "Bandcamp - music I've bought",
      "url": "https://bandcamp.com/philcryer"
    }
  ]
}